,Dependents,ApplicantIncome,LoanAmount,Loan_Amount_Term,Credit_History,Gender_Male,Gender_nan,Married_Yes,Married_nan,Self_Employed_Yes,Self_Employed_nan,Education_Not Graduate,Property_Area_Semiurban,Property_Area_Urban,Loan_Status_Y,TotalIncome
0,0.0,1.0829518845609207,1.056389658245763,0.75,1.0,True,False,False,False,False,False,False,False,True,True,0.8386613604745454
1,0.3333333333333333,0.92404125294331,1.045549443692898,0.75,1.0,True,False,True,False,False,False,False,False,False,False,0.8693598230944385
2,0.0,0.6815116258871976,0.6332490389788762,0.75,1.0,True,False,True,False,True,False,False,False,True,True,0.3813621053683246
3,0.0,0.6064629293063449,1.0009738191041937,0.75,1.0,True,False,True,False,False,False,True,False,True,True,0.7142665502335084
4,0.0,1.1003246178536221,1.1139972075075892,0.75,1.0,True,False,False,False,False,False,False,False,True,True,0.8579264604905908
5,0.6666666666666666,1.0315150364236982,1.6094379124341003,0.75,1.0,True,False,True,False,True,False,False,False,True,True,1.2339951287877857
6,0.0,0.5586114889618625,0.8472978603872034,0.75,1.0,True,False,True,False,False,False,True,False,True,True,0.5407394989440415
7,1.0,0.6877340986479663,1.1969716088669524,0.75,0.0,True,False,True,False,False,False,False,True,False,False,0.7980419690695703
8,0.6666666666666666,0.84229085486008,1.2427461902518968,0.75,1.0,True,False,True,False,False,False,False,False,True,True,0.7969681074273962
9,0.3333333333333333,1.6770885524830523,1.8359865126968196,0.75,1.0,True,False,True,False,False,False,False,True,False,False,2.036700521952494
10,0.6666666666666666,0.7156009940522741,0.6656405347701118,0.75,1.0,True,False,True,False,False,False,False,False,True,True,0.5495505091705614
11,0.6666666666666666,0.5908287815176331,0.9362453464036998,0.75,1.0,True,False,True,False,False,True,False,False,True,True,0.6225059914346693
12,0.6666666666666666,0.6940893244350397,1.3765571858420322,0.75,1.0,True,False,True,False,False,False,False,False,True,True,1.3613833495052532
13,0.0,0.459775839167384,0.9661877030187782,0.75,1.0,True,False,False,False,False,False,False,False,False,False,0.6774165612902693
14,0.6666666666666666,0.3320555934461189,0.11692133805890229,0.25,1.0,True,False,True,False,False,False,False,False,True,True,0.24764899037873056
15,0.0,0.9727633922156034,1.0290655539712086,0.75,1.0,True,False,False,False,False,False,False,False,True,True,0.715578647225337
16,0.3333333333333333,0.7798514552713908,0.879980507817562,0.5,1.0,True,False,False,False,False,False,True,False,True,True,0.49584395769905537
17,0.0,0.766244726871029,0.7123416278160924,0.75,0.0,False,False,False,False,False,False,False,False,True,False,0.48011216574481497
18,0.0,0.9645666250114248,1.0724327830863385,0.75,1.0,True,False,True,False,False,False,True,False,False,False,0.7063576078321506
19,0.0,0.609635165592225,0.9720700729218448,0.75,1.0,True,False,True,False,False,True,False,False,True,True,0.8704835239337216
20,0.0,1.2737194619103893,0.9053786984231724,0.75,0.0,True,False,True,False,False,False,True,False,True,False,1.0483496858560577
21,0.3333333333333333,1.0951788089002181,1.7481882209344146,0.75,1.0,True,False,True,False,False,False,False,False,True,True,1.391551322895372
22,0.0,0.609635165592225,0.9779180428042678,0.75,0.0,True,False,True,False,False,False,True,True,False,False,0.6494824271328051
23,0.6666666666666666,0.7428754119719334,0.9543181274633944,0.75,0.0,False,True,True,False,False,False,True,False,False,False,0.7628152815761092
24,0.3333333333333333,0.7986876286150851,1.1636351885993605,0.75,1.0,True,False,True,False,False,True,False,True,False,False,0.9359282791463227
25,0.0,1.44110545393757,1.340696769681018,0.75,1.0,True,False,True,False,True,False,False,True,False,True,1.2293865251655554
26,0.0,0.6460394050080509,1.0123053851137436,0.75,1.0,True,False,True,False,False,False,False,True,False,True,0.7303299903124097
27,0.6666666666666666,0.8742540610586476,0.9423059710153908,0.75,1.0,True,False,True,False,False,False,True,False,True,True,0.760589271126827
28,0.0,0.3666167906170076,0.3386846269041537,0.75,1.0,True,False,False,False,False,False,True,False,True,False,0.0
29,0.6666666666666666,0.8037637816469456,1.0009738191041937,0.75,1.0,False,False,False,False,False,True,False,True,False,True,0.836598108187107
30,0.3333333333333333,0.865637651033208,1.3804634408090974,0.75,1.0,True,False,True,False,False,True,False,False,True,False,1.035207165238641
31,0.0,0.710055693335849,0.6970156573378656,0.75,1.0,True,False,False,False,False,False,False,False,True,False,0.41478359610267096
32,0.3333333333333333,0.9387613026621919,0.9178399188609845,0.75,1.0,True,False,False,False,True,False,False,False,False,False,0.6772651894829793
33,0.0,0.7646504658717375,0.9661877030187782,0.75,1.0,True,False,True,False,False,False,False,True,False,True,0.7467045419129901
34,1.0,1.6549993009365787,1.7615932474024625,0.75,1.0,True,False,False,False,False,False,False,False,False,False,1.6465848316526892
35,0.0,0.5471749056676558,1.056389658245763,0.75,1.0,True,False,True,False,False,False,False,False,True,True,0.6228257484220854
36,0.0,0.45435047863745304,0.879980507817562,0.75,0.0,True,False,True,False,False,False,False,False,True,False,0.41301063331369336
37,0.0,0.7909470527730085,1.1291490125281913,0.75,1.0,False,False,True,False,False,False,False,True,False,True,0.7408973657901627
38,0.0,0.865637651033208,1.3118881930492432,0.75,1.0,True,False,False,False,False,False,False,False,True,True,1.3763177690264212
39,0.0,0.8034568684242495,0.9423059710153908,0.75,1.0,True,False,False,False,False,False,True,True,False,True,0.7812661165193092
40,0.0,0.7804798426929009,0.7423064165180289,0.75,1.0,True,False,False,False,False,False,False,False,True,False,0.4965696800514039
41,0.0,0.4482389240914508,0.463197574776736,0.75,1.0,True,False,False,False,False,False,False,False,True,True,0.38400424907294656
42,0.0,0.5716619273952123,0.7047080029610213,0.75,1.0,True,False,True,False,False,False,False,False,True,True,0.25113230304446765
43,0.0,0.8326482938698154,1.0777238007207541,0.75,1.0,True,False,True,False,False,False,False,True,False,True,0.892330176378202
44,0.0,0.9391633935401466,0.853920401147697,0.75,1.0,True,False,True,False,True,False,True,False,True,True,0.6777192361819144
45,0.0,0.750186573702054,0.799669811397949,0.75,1.0,False,False,False,False,False,False,False,False,True,True,0.4615026498696777
46,0.3333333333333333,1.0594669796984253,0.4334924203628202,0.75,1.0,True,False,True,False,False,False,False,False,True,True,0.8125595882761923
47,0.0,1.079697013916369,1.1291490125281913,0.75,1.0,True,False,True,False,False,False,False,False,True,True,0.8350478704965426
48,0.0,0.6179840081500343,1.0009738191041937,0.75,0.0,False,False,True,False,False,False,False,False,True,False,0.8686099870859245
49,0.0,0.8414046573277452,1.1291490125281913,0.75,1.0,False,False,False,False,False,False,False,True,False,True,0.8920859686783406
50,0.0,0.4758775180839572,0.879980507817562,0.75,1.0,False,False,True,False,False,False,True,True,False,True,0.49147852854823343
51,0.0,0.6963126877590161,1.0009738191041937,0.75,1.0,False,False,False,False,False,False,False,True,False,True,0.39871261879845016
52,0.0,0.8748258572288976,0.9543181274633944,0.75,1.0,False,False,False,False,False,False,False,True,False,False,0.6047600125277312
53,0.6666666666666666,0.9285206957531176,1.0777238007207541,0.75,1.0,True,False,True,False,False,False,False,False,True,False,0.6656933653306444
54,0.3333333333333333,1.5872571382501521,1.666682455209118,0.75,0.0,False,False,True,False,True,False,False,False,True,False,1.3856050078735918
55,0.6666666666666666,0.6295565105551028,0.8604993722457394,0.75,1.0,True,False,True,False,False,False,False,True,False,True,0.5452410864272162
56,0.0,0.5184060739151621,0.853920401147697,0.75,1.0,True,False,True,False,False,False,False,True,False,True,0.518632365898876
57,0.0,0.7430384643120955,1.0829869707650288,0.75,1.0,True,False,True,False,False,False,False,False,False,False,0.8015240765823416
58,0.3333333333333333,1.3132075535117946,1.2950456896547455,0.75,1.0,True,False,True,False,False,False,False,False,True,True,1.2943403103251054
59,0.6666666666666666,0.7415700352670291,1.1291490125281913,0.75,1.0,True,False,True,False,False,False,True,False,True,True,0.8848548803938073
60,0.0,0.5908287815176331,1.0009738191041937,0.75,1.0,True,False,True,False,False,False,False,False,True,True,0.8946471799451826
61,1.0,0.686527201949745,0.8735288725360733,0.75,1.0,True,False,True,False,False,False,False,False,True,True,0.3872465640872444
62,0.0,0.6113105196698698,1.2292324710851739,0.375,0.0,True,False,True,False,True,False,True,False,False,False,0.8652287497140553
63,0.3333333333333333,0.9721153040529321,1.056389658245763,0.75,0.0,True,False,True,False,False,False,False,False,False,False,0.7148499170054397
64,0.0,0.865637651033208,0.9779180428042678,0.75,0.0,False,False,False,False,False,False,False,True,False,False,0.5942882843260292
65,0.0,1.0685740798986547,1.5811341362712485,0.75,1.0,True,False,True,False,False,False,False,True,False,False,1.2936049711167763
66,0.0,0.7156009940522741,1.0345904299031785,0.375,0.0,True,False,False,False,False,False,True,False,True,False,0.7864370754814297
67,0.3333333333333333,1.5332580570954488,1.7400580948511646,0.75,1.0,True,False,True,False,False,False,False,False,True,True,1.3280682890001416
68,1.0,1.2185194433762911,1.0290655539712086,0.125,1.0,True,False,True,False,True,False,True,False,True,True,0.9880758968632238
69,0.0,0.8847797254070343,1.088222584818974,0.75,0.0,False,False,False,False,False,False,False,True,False,False,0.6160892860411369
70,0.0,0.7169406911462247,1.2604850145892783,0.75,1.0,True,False,True,False,False,False,False,False,True,True,0.891963842460743
71,0.6666666666666666,0.4645259290661497,0.8604993722457394,0.75,1.0,True,False,True,False,True,False,True,True,False,True,0.5234109246136025
72,0.0,0.7646504658717375,0.7496593908232877,0.625,1.0,True,False,False,False,False,False,False,True,False,True,0.4782667211610909
73,1.0,0.9471714443434892,0.8472978603872034,0.75,0.0,True,False,True,False,False,False,True,True,False,False,0.686757143682318
74,1.0,1.0128932133226787,1.3243364865758112,0.75,1.0,True,False,True,False,True,False,False,True,False,True,0.9813971465609155
75,0.0,0.8037637816469456,0.9602705259906897,1.0,1.0,True,False,False,False,False,False,False,False,True,False,0.5234109246136025
76,0.0,0.8037637816469456,1.277914649724562,0.75,1.0,True,False,False,False,False,False,False,False,True,False,1.1324517559213734
77,0.3333333333333333,0.2556845663399394,0.9423059710153908,0.75,1.0,True,False,True,False,True,False,False,False,True,False,0.5703180966896063
78,1.0,0.710055693335849,1.2950456896547455,0.625,0.0,True,False,True,False,False,False,False,True,False,False,0.9954814959354169
79,1.0,0.7376436498546778,1.056389658245763,0.75,1.0,True,False,True,False,True,False,True,True,False,True,0.7925261981823154
80,0.0,0.8183859293053909,0.9483300856187717,0.75,1.0,False,False,False,False,False,False,False,True,False,True,0.5402187786024859
81,0.3333333333333333,0.5706938731085771,1.1946269419076982,0.75,1.0,True,False,True,False,True,False,False,True,False,True,0.24997254646332956
82,0.6666666666666666,0.35129632339556244,1.238261877804568,0.75,1.0,False,False,True,False,False,False,False,False,True,False,0.4327291696117648
83,0.0,1.1003246178536221,1.603217052558998,0.75,1.0,True,False,True,False,False,False,False,True,False,False,1.1081521761543018
84,0.3333333333333333,0.8396299027393028,0.49204572911439437,0.5,1.0,True,False,True,False,False,False,False,False,True,True,0.564573624715457
85,0.0,0.5650606025783084,1.088222584818974,0.75,1.0,True,False,False,False,False,False,False,True,False,True,0.707826953870302
86,0.6666666666666666,0.7376436498546778,0.8735288725360733,0.75,1.0,True,False,True,False,False,False,True,True,False,True,0.7698778001132445
87,0.0,0.5908287815176331,0.9053786984231724,0.75,1.0,True,False,True,False,False,False,False,True,False,True,0.6659996088732132
88,0.0,1.3570358565437004,1.4149496168802667,0.75,1.0,True,False,False,False,False,False,False,False,True,True,1.1387695312609214
89,0.0,1.0649175530598194,1.2735856386349764,0.75,1.0,True,False,True,False,False,False,False,True,False,True,1.2553670397559953
90,0.0,0.6742027966926831,1.0617660152821433,0.75,1.0,True,False,True,False,False,False,False,True,False,True,0.8398200718597796
91,0.6666666666666666,1.128440048616983,1.3284517187209177,0.375,1.0,True,False,True,False,False,False,False,True,False,True,1.4152787051740061
92,0.6666666666666666,0.7277597047989075,0.7496593908232877,0.75,1.0,True,False,True,False,False,False,True,False,True,True,0.7361986777591847
93,0.0,0.8608667875673837,1.0123053851137436,0.75,1.0,True,False,False,False,False,False,False,True,False,True,0.5888456452362109
94,0.0,0.7836158703512488,0.22159196062279088,0.25,1.0,True,False,False,False,False,False,True,True,False,True,0.5001904126786052
95,0.0,1.1857617119224981,1.056389658245763,0.75,1.0,True,False,False,False,False,True,False,False,True,False,0.9521591081699977
96,0.0,0.5877866649021191,1.093430929926112,0.75,1.0,False,False,True,False,False,False,False,True,False,True,0.6913949198823126
97,0.0,0.48625896725310214,0.49204572911439437,0.75,1.0,True,False,True,False,False,False,False,True,False,True,0.37605678251285385
98,0.0,0.8688056283389141,0.9720700729218448,0.375,1.0,True,False,True,False,False,False,True,True,False,True,0.5979003228958555
99,0.0,0.439221928754784,1.0617660152821433,0.75,1.0,True,False,True,False,False,False,False,True,False,True,0.7653136346574306
100,0.6666666666666666,0.8830803693371042,1.0724327830863385,0.375,1.0,True,False,True,False,False,False,True,False,True,True,1.0368990788259476
101,0.0,0.9588017875590105,1.1636351885993605,0.75,1.0,True,False,False,False,False,False,False,True,False,True,1.1466583686566394
102,0.0,1.7276207539044168,1.056389658245763,0.75,1.0,True,False,True,False,False,False,False,False,True,True,1.5342691998988767
103,0.0,0.9333845842854701,1.056389658245763,0.75,1.0,True,False,True,False,False,False,False,True,False,True,1.1066752528089105
104,0.0,0.8138394336356873,1.2062956857420757,0.75,1.0,True,False,False,True,False,False,False,False,True,True,0.6586237542978645
105,0.3333333333333333,0.69048726222132,0.879980507817562,0.75,1.0,True,False,True,False,False,False,False,False,True,True,0.5803755925225292
106,0.6666666666666666,1.581422733959059,1.4699085011610242,0.75,1.0,True,False,True,False,False,False,False,False,True,True,1.4604861411301824
107,0.0,1.2418578423938051,1.0009738191041937,0.75,1.0,True,False,False,False,False,True,True,False,False,False,1.0135968460490263
108,0.6666666666666666,0.8114061573989838,1.4372969155722635,0.75,0.0,True,False,True,False,False,False,False,False,True,False,1.0208165105001916
109,1.0,0.5058776701602861,0.8406311690290141,1.0,1.0,True,False,True,False,False,False,True,True,False,True,0.3450980954627991
110,0.0,1.0190978618809499,1.088222584818974,0.75,1.0,True,False,False,False,False,False,False,False,True,True,0.7675291650406157
111,0.0,0.6691248659774593,1.1037669392567742,0.75,1.0,False,False,True,False,False,True,False,True,False,True,0.7600319934139614
112,0.0,0.7760728158072917,1.1684661158690262,0.75,0.0,True,False,True,False,False,False,True,False,False,False,1.0510617640824254
113,0.3333333333333333,1.2534727177878797,1.1946269419076982,0.75,1.0,False,False,False,False,True,False,False,True,False,True,1.0262773480126375
114,0.0,0.9856377251712852,0.989512375585187,0.75,1.0,True,False,False,False,False,True,False,True,False,True,0.7300428299672798
115,0.3333333333333333,1.7828942392428548,1.3160548657440891,0.375,1.0,True,False,True,False,False,False,False,False,False,True,1.5924880994228783
116,0.0,0.710055693335849,1.1780585155604657,0.75,1.0,False,False,True,False,False,False,False,True,False,True,0.7858940214681517
117,0.3333333333333333,0.5350039653241999,0.7785422649720736,0.75,1.0,True,False,True,False,False,False,False,False,True,True,0.4987436924118061
118,0.0,1.0497964172273746,1.2735856386349764,0.75,1.0,True,False,True,False,False,False,False,False,False,False,1.0535587092245138
119,0.0,1.5076319591928804,1.5843188523387683,0.75,1.0,False,False,False,False,False,False,False,False,True,True,1.3006907010868103
120,0.0,1.061603352239655,1.2950456896547455,0.75,1.0,True,False,True,False,False,False,False,False,False,True,1.1163828769073587
121,0.0,0.865637651033208,0.4334924203628202,0.75,1.0,False,False,False,False,False,False,False,True,False,True,0.5942882843260292
122,0.0,0.5194260658436594,1.093430929926112,0.75,0.0,False,False,False,False,False,False,False,True,False,True,1.3566366565727894
123,0.6666666666666666,0.6740281242031559,0.7496593908232877,0.75,1.0,True,False,True,False,False,False,False,True,False,True,0.3725726369582511
124,0.0,0.8847797254070343,1.3527936913898464,0.75,1.0,True,False,True,False,False,False,True,False,False,True,0.8968372948890493
125,0.0,0.7948248302396449,0.8339197344410275,0.75,1.0,False,False,False,False,False,False,False,False,False,True,0.5131175642858945
126,1.0,2.2090744926321206,1.886599724211702,0.75,1.0,False,True,True,False,False,False,False,False,False,True,2.0364672381909017
127,0.0,0.8212547218511838,1.056389658245763,0.75,1.0,True,False,False,False,False,False,False,False,False,True,0.7933352869902327
128,0.3333333333333333,1.5155697087633573,1.2062956857420757,0.375,0.0,True,False,True,False,True,False,False,False,True,False,1.5790624168101441
129,0.0,1.1094078480589074,1.303502399672969,0.75,1.0,True,False,True,False,False,False,False,False,False,False,1.1466583686566394
130,0.0,2.061871638508067,2.392241547491142,1.0,1.0,True,False,False,False,True,False,False,False,True,True,1.8839856064954186
131,0.0,0.4940272196288864,0.6970156573378656,0.75,1.0,True,False,False,False,False,False,False,False,True,True,0.5569195498431486
132,0.0,0.6313811620968346,0.6656405347701118,0.75,1.0,True,False,False,False,False,False,False,True,False,True,0.32225947406237654
133,0.0,0.7580872920004922,0.22159196062279088,0.25,1.0,True,False,True,False,True,False,False,True,False,True,0.47066458933757
134,0.0,0.9656112160837557,0.8927602344639609,0.75,1.0,True,False,False,False,False,False,False,True,False,True,0.7075332573301388
135,1.0,0.8414046573277452,1.6783274194059978,0.75,1.0,True,False,True,False,False,False,False,True,False,False,1.4040710482402998
136,0.0,0.92404125294331,0.7713993774596934,0.75,1.0,False,False,True,False,False,False,False,False,False,False,0.6606267594743007
137,0.6666666666666666,0.7348531030667926,0.799669811397949,0.75,1.0,True,False,True,False,True,False,False,False,True,True,0.956061440171552
138,0.0,1.8065875764180752,1.5287490011839577,0.75,0.0,True,False,False,False,False,False,False,True,False,False,1.6173924829680473
139,0.6666666666666666,0.8705293951953922,1.050984239678855,0.75,1.0,True,False,True,False,False,False,True,False,False,False,0.8100441134780961
140,0.6666666666666666,0.9846138561370661,1.3160548657440891,0.75,1.0,True,False,True,False,False,False,False,False,False,False,0.9908455981214161
141,0.0,1.0315150364236982,1.2427461902518968,0.75,1.0,True,False,False,False,False,False,False,False,True,True,0.781402537514712
142,0.0,1.2032012985656673,1.2735856386349764,0.375,1.0,True,False,False,False,True,False,False,True,False,True,0.9712946332504611
143,0.0,0.6277285235731791,1.0123053851137436,0.75,1.0,True,False,True,False,False,False,False,True,False,True,0.683302260227776
144,0.6666666666666666,1.6051097935589844,1.3243364865758112,0.375,1.0,True,False,True,False,False,False,False,False,True,True,1.4045832215123932
145,0.0,0.5580231382878993,0.879980507817562,0.75,1.0,False,False,True,False,False,False,False,True,False,True,0.956061440171552
146,0.6666666666666666,1.7990734167687434,0.6656405347701118,0.75,1.0,False,False,True,False,False,False,False,False,True,True,1.6094975098535498
147,0.3333333333333333,0.3891661899755088,0.28185115214098766,0.75,1.0,True,False,True,False,False,False,False,False,True,True,0.3738037220072965
148,0.0,1.4761757943610878,1.4699085011610242,0.75,1.0,False,False,False,False,False,False,False,False,False,False,1.3979044201498603
149,0.0,0.9610330524301136,1.0290655539712086,0.75,1.0,True,False,True,False,False,False,False,True,False,True,0.8179662542671696
150,0.0,1.1314297529809787,0.989512375585187,0.75,0.0,True,False,False,False,False,False,False,False,False,False,0.892330176378202
151,0.0,0.6053409095532893,1.1684661158690262,0.75,1.0,True,False,True,False,True,False,False,False,False,True,0.8984160668112318
152,0.0,1.4086224859428873,1.5354491937537773,0.75,1.0,True,False,False,False,False,False,False,False,True,False,1.1944438255020817
153,0.6666666666666666,0.5483640842836648,0.9602705259906897,0.75,1.0,True,False,True,False,False,False,True,False,False,False,0.22315845100206153
154,0.0,0.7246093125398235,0.49204572911439437,0.75,1.0,True,False,False,False,False,False,False,False,True,True,0.4317620983115999
155,1.0,2.6850280006511795,2.3187330794020276,0.375,0.0,True,False,True,False,False,False,False,True,False,True,2.524914784196584
156,0.3333333333333333,1.1003246178536221,1.2062956857420757,0.75,1.0,True,False,True,False,False,False,False,False,False,True,0.8579264604905908
157,0.3333333333333333,1.4393192317275743,1.3243364865758112,0.75,1.0,True,False,True,False,False,False,False,False,True,True,1.2274672643639852
158,0.0,0.6780378924766255,1.0009738191041937,0.75,1.0,True,False,False,False,False,True,False,False,False,True,0.7319078999100163
159,0.0,0.92404125294331,1.5715186775718066,0.75,1.0,True,False,True,False,False,False,False,True,False,True,1.2843260672713521
160,0.0,0.46193776844961265,0.867035343225525,0.75,1.0,True,False,True,False,False,False,True,True,False,True,0.3616317217102845
161,0.0,1.2995633841694847,1.6339414354900141,0.75,1.0,True,False,True,False,False,False,False,False,True,False,1.0764661591145839
162,0.3333333333333333,0.6968250703492181,1.0066556525716246,0.75,0.0,True,False,True,False,False,False,False,True,False,False,0.6271324903342831
163,0.6666666666666666,0.8657818679356787,1.1969716088669524,0.75,1.0,True,False,True,False,False,False,False,False,False,True,0.8079208999942737
164,0.0,1.4216929350859406,0.7047080029610213,0.375,1.0,True,False,True,False,False,False,False,False,True,True,1.2085143643617258
165,0.0,0.7971442993481839,1.303502399672969,0.75,1.0,True,False,True,False,False,False,False,False,False,True,0.9625696126023828
166,0.0,0.92404125294331,0.9543181274633944,0.75,1.0,False,False,True,False,False,False,False,False,False,False,0.6606267594743007
167,0.0,0.5791807598092396,1.050984239678855,0.75,1.0,True,False,True,False,False,False,False,False,False,True,0.8286926725561691
168,0.0,0.5396104224983624,0.608247736773459,1.0,0.0,True,False,False,False,False,False,False,True,False,False,0.21261374842015016
169,0.6666666666666666,1.3058052527675545,1.3765571858420322,0.75,1.0,True,False,True,False,False,False,False,True,False,True,1.0832473900297839
170,0.0,0.45260812820211466,0.8472978603872034,0.75,1.0,True,False,True,False,False,True,True,False,False,True,0.4945726748944679
171,1.0,2.9280330929819836,2.4607145579110674,0.625,1.0,False,True,True,False,False,False,False,False,True,True,2.7723046544807257
172,1.0,0.768154491118216,0.7496593908232877,0.375,1.0,True,False,True,False,False,False,True,False,False,False,0.48232221314742263
173,0.0,1.06645256339783,1.3243364865758112,0.75,1.0,True,False,True,False,False,False,False,True,False,True,1.3730769469409552
174,0.0,0.8909861068495716,0.7926767759069784,0.75,1.0,True,False,True,False,True,False,True,True,False,False,0.73434160069249
175,0.0,0.7641716915248964,0.9779180428042678,0.75,1.0,True,False,True,False,False,False,False,False,False,True,0.7873867109606298
176,0.6666666666666666,0.5004896144353287,0.886390786178481,0.75,1.0,True,False,True,False,False,False,False,False,False,True,0.5081101768837738
177,1.0,1.043538499217881,2.144161732361008,0.75,0.0,True,False,True,False,False,False,False,True,False,False,1.7194378764105671
178,0.3333333333333333,0.8037637816469456,0.9779180428042678,0.75,1.0,True,False,True,False,False,False,False,True,False,True,0.5234109246136025
179,0.0,0.5586114889618625,0.8927602344639609,1.0,0.0,True,False,False,False,False,False,True,False,True,False,0.5293960676836952
180,0.3333333333333333,1.14493753578477,1.2950456896547455,0.75,0.0,True,False,True,False,False,False,False,False,True,False,1.5342691998988767
181,0.0,0.4733186084884743,0.6414458061830548,0.75,1.0,True,False,False,False,False,False,False,False,False,False,0.9745610456385441
182,0.0,0.9263513504511388,0.6892636805335477,0.375,1.0,True,False,True,False,False,False,False,True,False,True,0.663240034855679
183,0.3333333333333333,2.5296899396784176,1.587493458179541,0.75,1.0,True,False,True,False,False,False,False,True,False,False,2.3661476668438133
184,0.0,0.7843983430046305,0.9301477665355813,0.75,1.0,False,False,True,False,False,False,False,True,False,True,0.5010935511459538
185,0.0,2.664904743936363,1.0009738191041937,0.75,1.0,True,False,True,False,True,False,False,True,False,True,2.6138434873502083
186,0.3333333333333333,0.5277509870191844,0.6332490389788762,0.625,0.0,True,False,True,False,True,False,False,False,False,False,0.19829745901824772
187,0.0,0.568366712163037,0.5651376131197305,0.75,1.0,True,False,True,False,False,False,False,False,False,True,0.6510376978689492
188,0.0,0.16518033767770782,1.2427461902518968,0.75,1.0,False,True,True,False,True,False,False,False,False,True,0.8541283866101154
189,0.0,1.422106397425412,1.3284517187209177,0.375,1.0,True,False,True,False,False,False,False,False,False,True,1.2089592339110693
190,0.0,0.9643053066588565,0.47290638890369696,0.75,1.0,True,False,False,False,False,False,True,False,False,True,0.7060634793694249
191,0.0,1.6217017350206793,1.2246870087134991,0.75,1.0,True,False,False,False,False,False,False,True,False,False,1.42220226743969
192,0.0,1.1040814528733132,1.2062956857420757,0.75,1.0,True,False,True,False,False,False,True,False,True,False,0.8620877476656283
193,0.0,0.8201987555439798,0.7123416278160924,0.75,1.0,True,False,False,False,False,False,False,True,False,True,0.5423000350446882
194,0.0,0.8692368486991972,1.0009738191041937,0.75,1.0,True,False,False,False,False,False,False,False,False,True,0.5983918642976337
195,0.3333333333333333,0.7029532706495751,1.2516549351410062,0.75,1.0,True,False,True,False,False,False,False,True,False,False,0.8203307097380538
196,0.0,1.336263067170262,1.3243364865758112,0.75,1.0,True,False,False,False,False,False,False,False,False,True,1.4281498674231834
197,0.0,0.4713951199706593,1.0009738191041937,0.75,1.0,False,False,False,False,False,False,True,False,True,True,0.6115729672229102
198,0.0,0.7511573690214006,0.9602705259906897,0.75,1.0,False,False,True,False,False,False,False,True,False,True,0.8868210264605095
199,0.0,1.5515836569759256,0.7642051018256663,0.75,1.0,True,False,False,False,True,False,False,False,True,False,1.3476173427959097
200,0.3333333333333333,0.609635165592225,0.8135108628098204,0.75,1.0,True,False,True,False,False,False,True,True,False,True,0.7371972156974361
201,0.6666666666666666,0.969258715731154,1.2337573656834635,0.75,0.0,True,False,False,False,False,False,False,True,False,True,0.7116371801322955
202,1.0,0.8402218376437489,0.9602705259906897,0.375,1.0,True,False,True,False,False,False,True,False,True,False,0.5652511602061228
203,0.3333333333333333,0.7646504658717375,1.0829869707650288,0.75,1.0,True,False,True,False,False,False,True,False,True,True,0.6606267594743007
204,0.6666666666666666,0.829064328262466,1.0235099841266069,0.75,1.0,True,False,True,False,False,False,True,True,False,True,0.5524703446427075
205,0.0,0.8999453604502755,1.0009738191041937,0.75,1.0,False,False,False,False,False,False,True,True,False,True,0.6333207761779557
206,0.0,0.722947216254253,0.7423064165180289,0.75,1.0,False,False,False,False,False,False,False,False,True,True,0.4298251455003096
207,0.0,0.8377036908531739,0.5383502971560806,0.75,1.0,True,False,False,False,False,False,True,False,False,True,0.9199048442164327
208,0.0,0.5868341024372546,0.5739095991925676,0.75,1.0,True,False,False,False,False,False,False,False,True,True,0.26928016227025586
209,0.0,0.7514807581421752,1.0400849492208193,0.75,1.0,True,False,False,False,False,False,False,True,False,False,0.46300422210995673
210,0.0,1.4761757943610878,1.4299031665473252,0.75,1.0,False,False,False,False,False,False,False,True,False,False,1.26701790288409
211,1.0,0.7534188997486346,1.045549443692898,0.75,0.0,True,False,True,False,False,False,False,True,False,False,0.6754469382907314
212,0.3333333333333333,1.285825224085414,1.522003613044426,0.75,1.0,True,False,True,False,True,False,False,False,True,True,1.0615279097223522
213,1.0,1.06586245362029,1.056389658245763,0.75,1.0,True,False,True,False,True,False,True,False,False,True,0.8196744771456813
214,0.0,0.711066219737631,1.093430929926112,0.75,1.0,True,False,True,False,False,False,False,False,True,True,0.8821451019843255
215,1.0,0.8189905699405452,0.879980507817562,0.75,1.0,True,False,True,False,False,False,True,True,False,True,0.6983856150679202
216,0.0,0.0,1.0829869707650288,0.75,1.0,True,False,True,False,False,False,False,False,False,False,0.14096292207858063
217,0.0,0.8002285796866275,1.0617660152821433,0.75,1.0,True,False,True,False,False,False,False,True,False,True,0.7929308244143594
218,0.6666666666666666,0.9792212771064915,0.6814511407967541,0.75,0.0,True,False,True,False,False,True,False,True,False,False,0.7228368899411424
219,0.6666666666666666,0.8823714511165738,1.0400849492208193,0.75,1.0,False,False,True,False,False,False,False,True,False,True,0.938729483160619
220,0.0,0.5364081781928507,0.5826053061601213,0.75,0.0,True,False,True,False,False,False,False,False,True,False,0.2087515747701573
221,0.6666666666666666,0.8427336592953596,0.9779180428042678,0.75,1.0,True,False,True,False,False,False,False,True,False,True,0.8226895877443386
222,0.0,0.676470766960012,1.1291490125281913,0.75,1.0,True,False,False,False,False,False,False,True,False,True,0.8273907161830838
223,0.0,1.2658245573787446,1.2735856386349764,0.75,1.0,True,False,True,False,False,False,False,True,False,True,1.14086661755719
224,0.0,1.128440048616983,1.045549443692898,0.75,1.0,True,False,True,False,False,False,False,True,False,True,0.8890283298491214
225,0.0,0.723944805496516,1.2516549351410062,0.75,1.0,True,False,True,False,False,False,False,False,False,False,0.4309877673432288
226,0.0,0.9445092131538111,1.0986122886681098,0.75,1.0,True,False,True,False,True,False,True,False,True,False,0.6837535746887818
227,0.6666666666666666,1.128440048616983,1.4149496168802667,0.75,1.0,True,False,True,False,False,False,False,True,False,True,1.0776840933444551
228,0.0,0.9475701684317063,1.1969716088669524,1.0,1.0,True,False,False,True,False,False,False,True,False,True,0.6872069019448375
229,0.0,1.14493753578477,1.3765571858420322,0.75,1.0,True,False,False,False,True,False,False,False,False,True,0.9072354782308854
230,0.3333333333333333,0.5891187297993721,0.9053786984231724,0.75,1.0,True,False,True,False,False,False,False,True,False,True,0.654760508233649
231,0.0,0.7985334028282279,0.4131871542020747,0.375,1.0,True,False,True,False,False,True,False,False,False,True,0.5173897438067037
232,0.0,0.7137559750787047,1.0009738191041937,0.75,1.0,True,False,False,False,False,False,True,False,False,True,0.8306424343281072
233,0.0,1.336263067170262,1.6489567326100099,0.75,1.0,False,False,False,False,False,False,False,True,False,True,1.116285289749751
234,0.3333333333333333,0.7080315718722295,1.1088951556236937,0.75,1.0,True,False,True,False,False,False,False,True,False,True,0.7132448387780898
235,0.3333333333333333,1.0416050806952368,1.2516549351410062,0.75,1.0,True,False,True,False,False,False,False,False,False,True,0.9496259308460131
236,0.0,1.0709260536999876,1.5715186775718066,0.75,1.0,True,False,True,False,False,True,False,False,True,False,0.8253040537585724
237,0.0,0.7587295012222114,1.0123053851137436,0.75,1.0,False,False,False,False,True,False,False,False,True,True,0.4714088100333458
238,0.3333333333333333,0.8132316694294842,0.9543181274633944,0.75,1.0,False,False,False,False,False,False,False,False,False,True,0.5342982528411844
239,0.3333333333333333,0.7346887104969667,0.853920401147697,0.75,1.0,True,False,True,False,False,False,False,True,False,True,0.4434969513886627
240,0.6666666666666666,1.0794641172632058,1.0009738191041937,0.75,1.0,True,False,True,False,False,False,False,False,False,True,1.3335021219911072
241,0.3333333333333333,0.5927254155617646,1.1088951556236937,0.375,1.0,True,False,True,False,False,False,True,False,True,False,0.6466768296879135
242,0.0,0.6754246505713485,1.1828204293207094,0.125,1.0,True,False,False,False,False,False,False,False,True,True,1.1482665042757612
243,0.6666666666666666,1.128440048616983,0.9301477665355813,0.75,1.0,True,False,True,False,True,False,False,False,False,True,1.0367934180497709
244,0.0,0.7495388528470872,1.017923377417967,0.75,1.0,True,False,True,False,False,False,True,True,False,True,1.0652320940220754
245,0.0,1.106011297949496,1.0009738191041937,0.375,1.0,True,False,False,False,True,False,False,False,True,False,1.2986597074362132
246,0.6666666666666666,1.452638769940493,0.9543181274633944,0.75,1.0,True,False,True,False,False,False,False,False,True,True,1.2417727297282324
247,0.3333333333333333,1.1673728185890622,1.093430929926112,0.375,1.0,True,False,True,False,False,False,True,False,True,True,0.9319464264251498
248,0.3333333333333333,0.6608399604885898,1.017923377417967,1.0,1.0,True,False,True,False,False,False,False,True,False,True,0.6822484003688635
249,0.0,0.45020742866412294,0.8135108628098204,0.75,1.0,True,False,True,False,False,False,False,False,True,True,0.5104381539390811
250,0.0,0.4189132637999306,1.3804634408090974,0.75,0.0,True,False,True,False,False,False,True,True,False,False,0.8004539497370822
251,0.6666666666666666,0.7529347163950826,1.0986122886681098,0.75,1.0,False,False,False,False,False,False,False,False,True,False,0.46469080016259834
252,0.0,0.6064629293063449,0.9053786984231724,0.75,1.0,True,False,False,False,True,False,True,False,False,True,0.6860070967692253
253,0.3333333333333333,0.6209357675111957,1.6459716557665565,0.375,1.0,True,False,True,False,False,False,True,True,False,True,1.2468387489347568
254,0.0,1.8746325227107452,1.3447453582070181,0.75,0.0,True,False,False,False,True,False,False,False,True,False,1.6887525572671602
255,1.0,0.6958000424983016,1.5715186775718066,0.75,1.0,False,False,False,False,False,False,False,False,False,True,0.3981124087069057
256,0.0,1.1054440829598131,0.9720700729218448,0.75,0.0,True,False,False,False,False,False,True,False,False,False,0.8635966599634896
257,1.0,1.0108995674065988,0.8406311690290141,0.75,1.0,True,False,True,False,False,False,False,False,True,False,0.7583582944982018
258,0.0,1.7886412163544934,1.7180489533593746,0.75,1.0,True,False,True,False,False,False,False,False,False,False,1.717674419579076
259,1.0,0.9702984195092624,1.045549443692898,0.75,1.0,True,False,True,False,False,False,True,True,False,False,0.7128066426783264
260,0.3333333333333333,1.1097468694205002,1.7878759692016575,0.75,1.0,True,False,True,False,False,False,False,False,True,True,1.2945853032827832
261,0.0,0.5036016501419586,1.0777238007207541,0.75,1.0,True,False,False,False,False,False,False,True,False,True,0.6110878639268225
262,0.3333333333333333,0.7616143497651272,1.1828204293207094,0.075,1.0,False,False,False,False,False,False,False,True,False,False,0.4747509660478297
263,0.0,1.228602715094799,1.0009738191041937,0.75,1.0,False,False,False,False,False,False,False,False,False,True,0.9991089697528946
264,0.0,1.000367215013433,1.045549443692898,0.75,1.0,True,False,False,False,True,False,False,True,False,True,0.7465633039621179
265,0.0,0.8553447216570751,1.1636351885993605,0.75,1.0,True,False,False,False,False,False,False,False,False,True,1.0359477296883668
266,0.6666666666666666,0.9409039214932716,1.1587808101345625,0.75,1.0,True,False,True,False,False,False,False,True,False,True,0.8698594015854859
267,1.0,0.8894381189243568,1.2062956857420757,0.75,0.0,True,False,True,False,False,False,False,False,True,True,0.8759590688340045
268,0.0,0.7514807581421752,1.0829869707650288,0.75,1.0,False,False,False,False,False,True,False,False,False,False,0.46300422210995673
269,0.3333333333333333,0.6597773552349699,0.8135108628098204,0.75,1.0,False,False,False,False,False,False,False,False,True,True,0.6377401496652298
270,0.0,0.7217821029400269,0.28185115214098766,0.75,1.0,False,False,False,False,False,False,False,False,True,True,0.42846704275482295
271,0.0,1.5621325066477303,1.088222584818974,0.75,1.0,True,False,True,False,False,False,False,False,True,True,1.3588596888598563
272,0.0,0.6521287942910831,1.0345904299031785,0.75,1.0,True,False,False,False,False,False,False,False,False,True,0.6769623771107801
273,0.0,0.6133543702512922,1.1587808101345625,0.75,1.0,True,False,True,False,False,False,False,True,False,True,0.6998667128319136
274,0.6666666666666666,0.8265178918954582,0.8135108628098204,0.75,1.0,True,False,True,False,False,False,False,True,False,True,0.5495505091705614
275,0.3333333333333333,0.6371977739701804,0.9720700729218448,0.75,1.0,True,False,True,False,False,False,False,True,False,True,0.6620111088590064
276,0.0,0.8403697666381017,1.4035858582299516,0.75,1.0,True,False,True,False,False,False,False,True,False,True,1.0064336082559862
277,0.0,0.6992127239095555,0.7423064165180289,0.75,1.0,True,False,True,False,False,False,False,False,True,True,0.6325295429998328
278,0.0,1.7828942392428548,2.0307967157854945,0.75,1.0,True,False,True,False,False,False,False,True,False,True,1.5924880994228783
279,0.0,0.8560730538087178,1.0235099841266069,0.75,1.0,False,False,True,False,False,False,True,False,False,True,0.583373221645918
280,0.3333333333333333,0.8492056977724639,1.1969716088669524,0.75,0.0,True,False,False,False,True,False,True,False,True,False,0.9166929455444143
281,0.0,0.8305592085767232,0.9543181274633944,0.75,1.0,True,False,True,False,False,False,False,True,False,True,0.6825496165313879
282,0.6666666666666666,0.5523178306617433,0.7274362540385775,0.375,1.0,True,False,True,False,False,False,False,False,True,True,0.43808909449346606
283,0.0,0.4506443483870758,0.5292593254548287,0.75,1.0,False,False,False,False,False,False,False,False,True,True,0.47400922942302964
284,0.0,2.083482210359356,1.056389658245763,0.75,1.0,True,False,True,False,False,False,False,False,False,False,1.906422481019015
285,0.0,0.7085379864677923,0.80661428375076,0.75,1.0,True,False,False,False,False,False,False,False,False,True,0.8842396661260411
286,0.0,0.609635165592225,0.8735288725360733,0.625,1.0,False,False,False,False,True,False,False,True,False,False,0.6188214184007775
287,0.0,0.7966808357217817,1.0009738191041937,0.75,1.0,True,False,True,False,False,False,False,False,False,True,0.8198057581199748
288,0.0,0.8595616829737824,0.9720700729218448,0.75,1.0,False,False,False,False,False,False,False,True,False,True,0.5873561336032954
289,0.0,1.436878320869992,1.3243364865758112,0.75,1.0,True,False,False,False,False,False,False,False,False,True,1.2248441400321646
290,0.0,0.6944317022523019,1.1037669392567742,0.75,1.0,True,False,True,False,False,False,False,False,False,True,0.7914463937919232
291,0.6666666666666666,0.8988298335968139,1.0400849492208193,0.75,0.0,True,False,True,False,False,False,False,True,False,False,0.6320545024145169
292,0.6666666666666666,0.7076938196103004,1.0777238007207541,0.75,1.0,True,False,True,False,False,False,False,False,True,True,0.6804391955483557
293,0.0,1.0315150364236982,1.1241238763255184,1.0,0.0,False,False,False,False,False,False,False,False,True,False,0.781402537514712
294,0.0,0.568366712163037,1.2604850145892783,0.75,1.0,True,False,True,False,False,False,False,True,False,True,0.8215108442792161
295,1.0,0.9010596442900627,0.9423059710153908,0.75,1.0,True,False,True,False,False,True,False,False,True,True,0.814804925194426
296,0.3333333333333333,1.195453325921672,1.3765571858420322,0.75,1.0,True,False,True,False,False,False,False,True,False,True,0.9627972021456256
297,0.3333333333333333,0.9352697258926944,1.0829869707650288,0.75,1.0,False,False,True,False,False,False,False,False,True,True,0.6733214583088575
298,0.0,0.9792212771064915,1.1636351885993605,1.0,1.0,False,False,False,False,False,False,False,False,False,False,1.0358419683387534
299,0.3333333333333333,0.4940272196288864,0.9602705259906897,0.75,1.0,True,False,True,False,False,False,False,False,True,False,0.7139747391790942
300,0.0,0.4482389240914508,0.8339197344410275,0.75,0.0,True,False,True,False,False,False,True,False,True,False,0.6836031591656163
301,0.0,0.6596001445309797,0.9116287187683437,0.75,1.0,True,False,True,False,False,False,True,True,False,True,0.6670707233170754
302,0.0,0.9792212771064915,1.0671136216087387,0.75,1.0,False,False,False,False,False,False,False,False,False,True,0.7228368899411424
303,0.3333333333333333,0.40917145590054116,0.853920401147697,0.75,1.0,True,False,True,False,False,False,False,False,True,True,0.46487802225535213
304,0.0,0.8414046573277452,1.1088951556236937,0.75,1.0,True,False,False,False,False,False,False,False,False,True,0.9191919799571774
305,0.0,0.49109497331386304,0.9602705259906897,0.75,1.0,True,False,False,False,False,False,True,False,True,False,0.15382070127286987
306,0.0,0.8056032854997509,1.0829869707650288,0.75,1.0,False,False,False,False,False,False,False,False,False,True,0.782901941441904
307,0.0,0.5716619273952123,0.9053786984231724,0.75,0.0,False,False,False,False,False,False,False,False,True,False,0.6101169507877251
308,0.0,2.064788869644719,2.1165356660860764,0.75,1.0,True,False,False,False,False,False,False,False,False,False,1.8870154664777947
309,0.6666666666666666,1.2743905385341743,1.3160548657440891,0.75,1.0,True,False,True,False,False,False,True,False,False,True,1.0490805846330162
310,0.0,0.6670160874084502,0.7713993774596934,0.75,1.0,False,False,False,False,False,False,False,True,False,True,0.3643264427273643
311,0.0,0.6687737115536947,0.9483300856187717,0.75,1.0,True,False,False,False,False,False,True,True,False,True,0.7697397976979833
312,0.0,0.5921568029611524,0.5473593670984466,0.75,1.0,False,False,False,False,False,False,False,False,False,True,0.2756340725673411
313,0.6666666666666666,1.0709260536999876,1.1291490125281913,0.175,1.0,True,False,True,False,True,False,False,False,False,True,0.8253040537585724
314,0.0,0.585689828449521,1.2016445145663448,0.75,1.0,False,True,True,False,False,False,False,False,False,False,0.6186609111976722
315,0.3333333333333333,0.7484043308453318,0.9483300856187717,0.375,1.0,True,False,True,False,False,False,True,False,True,True,0.7284619723822762
316,0.6666666666666666,0.7986876286150851,1.0009738191041937,0.75,1.0,True,False,True,False,False,False,False,True,False,True,0.5175673558137421
317,0.0,0.5031872711864798,0.799669811397949,0.75,1.0,True,False,True,False,False,False,False,False,True,True,0.5985556577544513
318,0.3333333333333333,0.7711708452070849,0.9543181274633944,0.75,1.0,False,False,False,False,False,False,False,True,False,True,0.4858114963350142
319,0.3333333333333333,1.4761757943610878,1.1828204293207094,0.75,1.0,True,False,True,False,True,False,False,False,False,False,1.26701790288409
320,0.0,0.5716619273952123,0.9720700729218448,0.75,1.0,True,False,True,False,False,False,False,True,False,True,0.6581609520218729
321,1.0,0.890704832675718,1.0235099841266069,0.75,1.0,True,False,True,False,False,False,False,True,False,True,0.6525905534936967
322,0.6666666666666666,0.7806368778691032,0.9602705259906897,0.75,1.0,True,False,True,False,False,False,True,False,False,True,0.7500882820560081
323,0.0,0.7098871729444827,1.0671136216087387,0.75,1.0,False,False,False,False,False,False,False,False,False,True,0.8768274205709999
324,1.0,1.8066438605403392,1.7068600254415687,0.75,1.0,True,False,True,False,False,False,False,False,False,True,1.6174516082101085
325,0.3333333333333333,1.3658205574784386,1.9006022867217558,0.75,0.0,True,False,True,False,True,False,False,False,False,False,1.5342049459673173
326,0.0,0.9684782278866557,1.056389658245763,0.75,0.0,True,False,False,False,False,False,False,False,False,True,0.7107591848317009
327,0.0,1.0793476485931464,1.3118881930492432,0.75,1.0,True,False,True,False,True,False,False,True,False,True,1.0810257840063584
328,0.0,0.8894381189243568,0.9423059710153908,0.75,1.0,False,False,True,False,False,False,False,False,True,False,0.9523890791371769
329,0.0,0.5908287815176331,0.6414458061830548,0.75,1.0,False,False,False,False,False,False,False,False,True,True,0.27404937587485056
330,0.3333333333333333,0.8965950397342436,0.9837320126696876,0.75,1.0,True,False,False,False,False,False,False,False,True,True,0.8800461414334948
331,0.0,0.6701775899978321,0.867035343225525,0.75,1.0,True,False,False,False,False,False,False,True,False,True,0.36804564738643136
332,0.0,0.6521287942910831,0.6735770843658481,0.75,1.0,True,False,False,False,False,False,False,False,True,True,0.34678488095577903
333,0.0,3.120509738030503,2.1350375814713987,0.375,1.0,True,False,True,False,False,True,False,False,True,True,2.9675622480040094
334,0.3333333333333333,1.4630094105312097,1.303502399672969,0.375,1.0,False,True,True,False,True,False,False,False,True,True,1.3979044201498603
335,0.0,1.0419678815215647,0.6656405347701118,0.75,1.0,True,False,True,False,True,False,False,True,False,True,1.2664301738102672
336,0.3333333333333333,1.0108995674065988,1.2062956857420757,0.75,1.0,True,False,True,False,False,True,False,False,False,True,0.8500611444998286
337,0.6666666666666666,0.5908287815176331,1.277914649724562,0.75,1.0,True,False,True,False,True,False,False,False,False,True,0.9880758968632238
338,1.0,0.45478559231776505,0.9602705259906897,0.75,0.0,False,False,False,False,False,False,True,False,True,False,0.10941249049601397
339,0.0,0.8647719125764225,0.6735770843658481,0.75,1.0,False,False,False,False,False,False,False,True,False,True,0.5933009143523672
340,1.0,0.6183534549077231,1.2648709865325327,0.75,1.0,True,False,True,False,False,False,True,False,False,False,0.6054108688335043
341,0.0,0.5673954611154354,0.45339357468011515,0.75,1.0,False,False,False,False,False,False,False,False,False,False,0.24601928278329319
342,0.3333333333333333,0.9200881398346009,1.1969716088669524,0.75,1.0,True,False,True,False,False,False,True,False,True,True,0.8301228694519934
343,1.0,0.711066219737631,0.6970156573378656,0.75,1.0,True,False,True,False,False,False,True,True,False,True,0.41596382736826676
344,0.6666666666666666,0.6064629293063449,1.0290655539712086,0.75,1.0,True,False,True,False,False,True,False,False,False,True,0.7101734260743338
345,0.0,0.5906389201158856,1.2062956857420757,0.75,1.0,True,False,True,False,False,False,False,True,False,True,0.7165979781956822
346,0.0,0.7683134736304745,1.1684661158690262,0.75,0.0,True,False,True,False,False,False,True,False,False,False,0.9488185723061519
347,0.6666666666666666,0.6958000424983016,1.0345904299031785,0.75,1.0,True,False,True,False,False,False,True,False,True,True,0.7584978764504821
348,0.0,1.1376022718897512,1.5843188523387683,0.75,1.0,True,False,True,False,False,False,False,True,False,True,1.34109140047142
349,0.0,0.6142820141026004,1.3243364865758112,0.75,1.0,True,False,True,False,False,False,False,False,False,True,1.167828632166122
350,0.0,1.4016429756052475,1.48054689936608,0.75,1.0,True,False,True,False,False,False,False,True,False,True,1.1869244822120144
351,0.0,1.373140532649361,1.7291140731718473,0.75,1.0,True,False,False,False,False,False,False,False,False,False,1.4860274356479615
352,1.0,0.6218564083421952,0.8472978603872034,0.75,1.0,True,False,True,False,False,False,False,False,False,True,0.685857019854525
353,0.0,1.0416050806952368,0.9116287187683437,0.75,0.0,False,False,True,False,True,False,False,False,False,False,0.792661091785191
354,0.0,0.5761029464725891,1.056389658245763,0.75,1.0,False,False,True,False,False,False,False,True,False,True,0.3666009332400957
355,0.0,0.8133836451136673,0.9779180428042678,0.375,1.0,False,False,False,False,False,False,False,False,True,True,0.5344728872009384
356,0.6666666666666666,1.336263067170262,1.2292324710851739,0.75,1.0,True,False,True,False,False,False,False,False,False,True,1.3856050078735918
357,0.3333333333333333,0.8227613134732574,0.6414458061830548,0.75,1.0,True,False,True,False,False,False,False,False,True,False,0.5452410864272162
358,0.0,0.6815116258871976,0.879980507817562,1.0,0.0,True,False,True,False,False,False,True,False,True,False,0.6733214583088575
359,1.0,1.000493254842186,1.3765571858420322,0.75,1.0,True,False,True,False,False,False,False,True,False,True,1.1163828769073587
360,0.3333333333333333,0.9429084657967256,0.7496593908232877,0.75,1.0,False,False,False,False,False,False,False,True,False,False,0.6819470934478238
361,0.6666666666666666,0.9792212771064915,1.5083747819888202,0.75,1.0,True,False,True,False,False,False,False,True,False,True,1.1483610200008851
362,0.0,0.9465065507019732,1.056389658245763,0.75,1.0,True,False,True,False,False,False,False,False,True,True,0.986188108623182
363,0.0,0.6837630989546654,0.8472978603872034,0.625,1.0,True,False,True,False,False,False,False,False,True,True,0.8637222999422961
364,0.0,1.18994166471418,1.1139972075075892,0.75,1.0,True,False,False,False,True,False,False,False,False,True,0.9567485089913432
365,0.0,1.1246624762119157,1.0724327830863385,0.75,1.0,True,False,False,False,False,False,True,False,False,False,0.8848548803938073
366,0.0,0.5908287815176331,0.853920401147697,1.0,1.0,True,False,False,False,False,False,False,True,False,False,0.27404937587485056
367,0.0,0.9950591456782605,1.0235099841266069,0.75,0.0,True,False,False,False,False,False,False,False,False,False,0.7406132244279244
368,0.3333333333333333,1.136722812700433,1.2735856386349764,0.75,1.0,True,False,True,False,False,False,False,True,False,True,0.8981733409991841
369,0.0,2.0426771067473926,2.271886106105239,0.75,1.0,True,False,True,False,False,False,False,False,False,False,2.08181338208337
370,0.0,1.8484750543854678,0.5383502971560806,0.75,1.0,False,False,False,False,True,False,False,True,False,True,1.6613486128497632
371,0.6666666666666666,1.0027592594625883,1.1828204293207094,0.75,1.0,True,False,True,False,False,False,False,True,False,True,0.7492434198238969
372,0.6666666666666666,1.4216929350859406,1.9098295724908305,0.625,1.0,True,False,True,False,True,False,False,False,False,True,1.7395233836250619
373,0.3333333333333333,0.6922041482126351,0.9483300856187717,0.375,0.0,True,False,False,False,False,False,False,False,True,False,0.7298992188658947
374,0.0,0.6397319413142545,0.9423059710153908,0.75,1.0,False,False,False,False,False,True,False,False,True,True,0.603619993675384
375,0.0,0.955379605871016,1.0009738191041937,0.375,1.0,True,False,True,False,False,False,False,False,True,True,0.8245204314244189
376,1.0,1.373140532649361,1.056389658245763,0.75,1.0,True,False,True,False,False,False,False,False,False,True,1.5404184338095166
377,0.0,0.8861936528253437,1.056389658245763,0.75,1.0,True,False,True,False,False,False,False,True,False,True,0.617697326588647
378,0.0,0.693404216932007,0.6735770843658481,1.0,1.0,True,False,False,False,False,False,False,False,True,False,0.39530665507510154
379,0.6666666666666666,1.028333243370414,1.056389658245763,0.75,1.0,True,False,True,False,False,False,False,False,True,True,0.7778495290965903
380,0.0,0.7376436498546778,1.045549443692898,0.75,1.0,True,False,True,False,False,True,False,True,False,True,0.836598108187107
381,0.0,1.0935724750111286,1.6955444874489927,0.75,1.0,True,False,False,False,False,False,False,True,False,True,1.2814345188989706
382,0.0,1.1003246178536221,1.1875597746846058,0.75,1.0,False,False,False,False,False,False,False,False,True,True,0.8579264604905908
383,0.0,1.2252864624324329,1.045549443692898,0.75,1.0,True,False,False,False,True,False,False,False,True,True,0.9954814959354169
384,0.6666666666666666,0.9217258065260988,0.879980507817562,0.75,1.0,True,False,True,False,False,False,False,False,True,False,0.6580066369874245
385,0.3333333333333333,0.7909470527730085,0.9602705259906897,0.375,1.0,True,False,False,False,False,True,False,False,True,True,0.5086478835777348
386,0.0,0.5611570160853564,1.0671136216087387,0.75,1.0,True,False,False,False,False,False,True,True,False,True,0.5574316481772179
387,0.0,0.6832439779878248,0.9602705259906897,0.75,0.0,True,False,True,False,False,False,True,False,True,False,0.876207246282153
388,0.0,0.5586114889618625,1.088222584818974,0.75,1.0,True,False,True,False,False,False,False,False,True,True,0.6860070967692253
389,0.0,1.040152559711176,1.0290655539712086,0.75,1.0,True,False,True,False,False,False,False,False,False,True,0.7910411663524808
390,1.0,1.4087062801443777,1.3160548657440891,0.75,1.0,True,False,False,False,False,False,False,False,False,True,1.1945340761733823
391,1.0,1.4365524154611518,1.6339414354900141,0.75,1.0,True,False,True,False,False,False,False,False,False,True,1.2244938696636454
392,0.0,0.6064629293063449,1.0009738191041937,0.75,1.0,True,False,True,False,False,False,False,False,True,True,0.6781730768160044
393,0.6666666666666666,0.48962561956503503,0.9602705259906897,0.375,1.0,True,False,True,False,False,False,True,True,False,True,0.49982892878329493
394,0.6666666666666666,0.6987015635644674,0.9602705259906897,0.75,1.0,True,False,True,False,False,False,False,False,True,True,0.6477688308884291
395,0.6666666666666666,0.7282562291388006,1.0829869707650288,0.75,1.0,True,False,True,False,False,False,False,True,False,True,0.5251749824029299
396,0.0,0.7122438780164018,0.6735770843658481,0.75,0.0,False,False,False,False,False,False,False,False,True,False,0.41733900562142734
397,0.0,0.6872170355547504,0.8472978603872034,0.75,1.0,True,False,True,False,False,False,False,False,True,True,0.6465207321266209
398,0.0,0.8268178094203876,0.9362453464036998,0.75,1.0,True,False,False,False,False,False,True,False,False,True,0.8017914294563065
399,0.0,0.38030109050788474,0.8990893695156085,0.75,0.0,False,False,False,False,False,False,False,True,False,False,0.44062407414340954
400,0.6666666666666666,0.6620782412058105,0.44349250369740356,0.375,0.0,True,False,True,False,False,False,True,False,True,False,0.35851337814080647
401,0.0,0.6381035711335612,0.6249845291289828,0.625,1.0,True,False,False,False,False,False,True,False,False,False,0.3302160775133819
402,0.0,0.5908287815176331,0.8990893695156085,0.75,1.0,True,False,False,False,False,False,False,True,False,True,1.9844712057833556
403,0.0,0.48330381998378796,0.5200849491787873,0.75,1.0,False,False,False,False,False,False,True,True,False,True,0.14432188137651294
404,0.0,1.2524936214155433,1.3527936913898464,0.75,1.0,False,False,False,False,True,False,False,False,False,False,1.0252089433061826
405,0.0,0.9191315942574297,0.9720700729218448,0.75,1.0,False,False,False,False,False,False,False,True,False,True,0.6550701177411339
406,0.0,0.5255242654513509,0.9720700729218448,0.75,1.0,True,False,True,False,False,False,True,False,True,True,0.6581609520218729
407,0.0,0.5348032024245093,0.6332490389788762,0.75,1.0,False,False,False,False,False,False,True,False,False,True,0.20681487985990493
408,0.3333333333333333,1.333285800445585,1.1684661158690262,0.625,0.0,True,False,True,False,False,False,False,True,False,False,1.1130595593311718
409,1.0,3.3573180189223804,1.8628173904937761,0.75,0.0,True,False,True,False,False,False,False,False,False,False,3.2071256184869013
410,0.3333333333333333,0.8215562218157801,0.5997731097824868,0.75,1.0,False,False,False,False,True,False,True,True,False,False,0.5438581396663316
411,0.0,1.1291052002406416,1.2062956857420757,0.75,1.0,True,False,True,False,False,True,False,False,True,True,0.8897630162629191
412,0.0,1.1112146352931278,1.4446363980603092,0.75,0.0,True,False,True,False,False,False,True,False,False,False,0.8699842572213194
413,0.0,0.54280244515878,0.9423059710153908,0.75,1.0,True,False,True,False,False,False,True,False,False,True,0.6138336762718152
414,0.0,0.5218698100594998,1.2865168533072253,0.75,0.0,False,False,True,False,False,False,True,True,False,False,0.7771648086069671
415,0.0,0.6806443231441929,0.5826053061601213,0.75,1.0,False,False,False,False,False,False,False,False,True,True,0.38034403452447385
416,0.3333333333333333,0.609635165592225,1.2062956857420757,0.75,1.0,False,False,False,False,False,False,False,False,True,False,0.296453001223922
417,0.6666666666666666,0.40346367784750053,1.5186137792899146,0.75,1.0,True,False,True,False,True,False,False,False,True,False,1.946910064039485
418,0.0,0.2622983470619762,0.9543181274633944,0.75,1.0,True,False,True,False,False,False,False,False,False,True,0.5318501641868467
419,0.0,0.7232798565899603,1.0986122886681098,0.75,1.0,True,False,True,False,False,False,False,True,False,True,0.6728654099598292
420,0.0,1.0806280584991907,1.0986122886681098,0.75,1.0,True,False,True,False,False,False,False,False,False,True,0.8360816292705614
421,0.0,0.6317456932227158,0.7423064165180289,0.75,0.0,False,False,False,False,False,False,True,False,True,False,0.3226911830971966
422,0.0,0.45260812820211466,0.879980507817562,0.75,1.0,True,False,True,False,False,False,False,False,True,True,0.4854447761842164
423,0.3333333333333333,1.2336064783495886,0.9423059710153908,0.75,0.0,True,False,True,False,False,False,False,False,True,False,1.1717140183070387
424,0.0,1.799867045108916,0.853920401147697,0.75,1.0,True,False,True,False,False,False,False,True,False,True,1.610331500996056
425,0.0,0.6218564083421952,1.0066556525716246,0.75,1.0,True,False,True,False,False,False,False,False,False,True,0.9730981110690096
426,0.3333333333333333,0.9271654065302846,0.7496593908232877,0.75,1.0,False,False,False,False,False,False,True,False,False,False,0.6641607392595379
427,0.6666666666666666,1.0928832555248829,1.0724327830863385,0.75,1.0,True,False,True,False,False,False,False,True,False,True,0.8496789910605738
428,0.0,0.6675436990984948,0.7926767759069784,0.75,1.0,True,False,True,False,False,False,False,False,False,True,0.3682766082540356
429,0.0,0.6311988466906778,0.5826053061601213,0.375,1.0,True,False,False,False,False,False,True,False,True,True,0.3220435496350868
430,0.3333333333333333,1.3621403780783938,1.1587808101345625,0.75,1.0,False,False,False,False,True,False,False,True,False,True,1.1442887554533452
431,0.0,1.1557865708641764,0.9116287187683437,0.75,0.0,True,False,False,False,False,False,False,False,False,False,0.9191919799571774
432,0.0,1.679328410068666,1.9656476318936347,0.75,1.0,True,False,False,False,False,True,False,True,False,True,1.483259080881188
433,0.0,0.5764881915895563,1.1241238763255184,0.75,1.0,True,False,True,False,False,False,False,True,False,True,0.6882555519042356
434,0.0,0.8037637816469456,0.879980507817562,0.75,1.0,True,False,False,False,False,False,False,False,True,True,0.5234109246136025
435,0.0,1.479850257099072,1.056389658245763,0.5,1.0,False,False,False,True,False,False,False,True,False,True,1.2709551632008487
436,0.0,0.4754514876163354,0.49204572911439437,0.75,1.0,True,False,False,False,False,False,False,True,False,True,0.5281667572597525
437,0.0,0.5348032024245093,1.056389658245763,0.75,1.0,True,False,True,False,False,False,False,False,True,True,0.4478860620080443
438,0.0,1.5082389625120987,1.3243364865758112,0.75,0.0,True,False,False,False,True,False,False,False,True,False,1.301339748834886
439,0.0,1.2227668078036913,1.0986122886681098,0.75,1.0,False,False,True,False,True,False,True,False,False,True,0.9927246226870986
440,0.0,0.7898585749793334,1.3243364865758112,0.75,1.0,True,False,False,False,False,False,False,True,False,True,1.153733703000354
441,0.0,1.2965683891842272,1.2950456896547455,0.75,1.0,True,False,True,False,False,False,False,False,False,True,1.2444377359263021
442,1.0,0.9407701422288578,1.1490007810809229,0.75,1.0,True,False,False,False,False,False,True,True,False,True,0.9426844713036723
443,0.3333333333333333,2.6302415000326818,1.1684661158690262,0.75,1.0,True,False,False,False,False,False,False,True,False,True,2.4689805042840725
444,0.0,1.2418578423938051,1.2735856386349764,0.625,1.0,True,False,True,False,False,False,False,False,False,True,1.6560723790649603
445,0.3333333333333333,0.7592108876243185,1.056389658245763,0.75,1.0,True,False,True,False,True,False,False,False,False,True,0.6748401191421377
446,0.6666666666666666,0.9333845842854701,0.9423059710153908,0.75,1.0,True,False,True,False,False,False,True,False,False,True,0.6711914510374587
447,0.0,0.7708537623665368,0.5383502971560806,0.75,1.0,True,False,True,False,False,True,False,False,False,False,0.7104663483421818
448,0.6666666666666666,0.7387904389711846,1.1587808101345625,0.75,0.0,True,False,True,False,False,False,False,False,False,False,0.7300428299672798
449,0.3333333333333333,0.640635446977452,1.3366317234328484,0.75,1.0,True,False,False,False,True,False,True,True,False,False,0.6178579885161324
450,0.6666666666666666,0.5538949625805664,1.0290655539712086,0.75,0.0,True,False,True,False,False,False,True,False,False,False,0.49001914032004434
451,0.6666666666666666,0.48224629027439975,0.5826053061601213,0.625,1.0,True,False,True,False,False,False,True,False,True,True,0.4622537178296898
452,0.0,0.8336912021884187,1.1539027516811295,0.75,0.0,True,False,True,False,False,False,False,False,False,False,0.816781926728008
453,0.0,0.587596224985337,0.8135108628098204,0.375,0.0,True,False,True,False,False,False,False,False,False,True,0.7154329436589845
454,0.0,1.2169981449084477,0.7713993774596934,0.75,1.0,True,False,False,False,True,False,False,True,False,True,0.9864103864157672
455,0.6666666666666666,0.8203496761600223,0.853920401147697,0.75,1.0,True,False,True,False,False,False,False,True,False,True,0.542473277714791
456,0.0,0.8849212081463762,0.989512375585187,0.75,1.0,True,False,True,False,False,False,False,False,True,True,0.6162502065065443
457,0.0,0.7972987395029308,1.2648709865325327,0.75,1.0,True,False,True,False,False,False,False,False,True,False,0.892330176378202
458,0.6666666666666666,0.8923912922139299,1.088222584818974,0.75,1.0,True,False,False,False,False,False,False,False,False,True,0.6247421461819098
459,0.0,1.3363531491449196,1.2062956857420757,0.75,1.0,True,False,True,False,False,False,False,True,False,False,1.1163828769073587
460,0.0,0.5083547072406273,1.2062956857420757,0.75,1.0,False,True,True,False,True,False,False,True,False,True,0.878685639074666
461,1.0,1.2813622027185607,1.045549443692898,0.375,1.0,True,False,True,False,False,False,False,False,True,True,1.056671148515728
462,0.0,0.6841090299448832,1.1732738174371293,0.75,1.0,True,False,True,False,False,False,False,False,False,True,0.7517758681542321
463,0.3333333333333333,1.003513454709198,1.0671136216087387,0.75,1.0,False,False,False,False,False,True,True,True,False,True,0.7500882820560081
464,0.0,0.865637651033208,0.867035343225525,0.75,0.0,True,False,False,False,False,False,False,True,False,False,0.5942882843260292
465,0.0,1.1003246178536221,1.1088951556236937,0.75,1.0,True,False,False,False,False,False,False,False,False,True,0.8579264604905908
466,1.0,0.6722797191769416,0.6656405347701118,0.375,0.0,True,False,True,False,False,False,True,False,True,False,0.6649273459128967
467,0.0,1.8976082975184658,0.9423059710153908,0.75,1.0,False,True,True,False,False,False,False,True,False,True,1.7127953803446356
468,0.6666666666666666,0.020356937068744103,0.867035343225525,0.75,1.0,False,False,True,False,False,True,True,True,False,True,0.4068795881504394
469,0.0,0.8894381189243568,0.9423059710153908,0.75,1.0,True,False,True,False,False,False,False,False,True,False,0.9523890791371769
470,0.3333333333333333,0.7566408115168487,1.2155336267270118,0.75,1.0,True,False,True,False,True,False,False,True,False,True,0.7965651118213108
471,0.3333333333333333,0.6194609769406354,0.9602705259906897,0.375,0.0,True,False,True,False,False,False,True,False,False,False,0.5921477491984263
472,1.0,0.9386272364332741,0.879980507817562,0.75,1.0,True,False,True,False,False,False,False,True,False,True,0.6771137947587962
473,0.0,0.5908287815176331,0.8339197344410275,0.75,1.0,False,False,False,False,True,False,False,False,True,True,0.27404937587485056
474,0.6666666666666666,1.045468186845563,1.2155336267270118,0.75,1.0,True,False,False,False,False,False,False,False,False,True,1.2820134978444468
475,0.6666666666666666,1.888989334171047,1.1587808101345625,0.75,1.0,True,False,True,False,True,False,False,False,False,True,1.757313155859288
476,0.6666666666666666,1.177137795615239,1.4875768052943381,0.625,1.0,True,False,True,False,False,False,False,True,False,True,1.1276388480626829
477,0.6666666666666666,0.659245628884264,1.0671136216087387,0.75,0.0,False,True,True,False,False,False,False,True,False,False,0.6852564868634634
478,0.3333333333333333,1.8963227520130934,0.7856344932815654,0.75,1.0,True,False,True,False,True,False,False,True,False,True,1.8257549680000023
479,0.6666666666666666,0.6722797191769416,1.056389658245763,0.75,1.0,True,False,True,False,False,False,False,False,True,False,0.6555343523426858
480,0.0,0.8918294549914816,1.1780585155604657,0.75,1.0,False,False,False,False,False,False,True,False,False,True,0.624103754906189
481,1.0,0.6978490485938237,0.9602705259906897,0.75,1.0,True,False,True,False,False,False,True,False,False,True,0.4005110905826088
482,0.0,0.5083547072406273,1.045549443692898,0.75,1.0,True,False,True,False,False,False,False,True,False,True,0.7559824155286617
483,0.0,1.5393794715935094,1.5014900732113232,0.75,1.0,True,False,True,False,False,False,False,True,False,True,1.3346010447650158
484,0.6666666666666666,1.336263067170262,1.5421047923655131,0.75,1.0,True,False,True,False,False,False,False,True,False,True,1.116285289749751
485,0.3333333333333333,0.48224629027439975,1.0617660152821433,0.75,1.0,True,False,True,False,False,False,True,False,False,True,0.6311037437167439
486,0.6666666666666666,0.7721214909255137,0.7423064165180289,0.75,0.0,True,False,False,False,False,False,False,False,False,False,0.4869108505751846
487,0.3333333333333333,1.9785696517051492,2.153203385277958,0.75,1.0,True,False,True,False,False,False,False,False,True,False,1.797318994459267
488,0.6666666666666666,0.92404125294331,1.2062956857420757,0.75,1.0,True,False,True,False,True,False,False,True,False,True,0.938729483160619
489,0.0,0.5784121941070784,0.7047080029610213,0.75,1.0,True,False,False,False,False,False,False,False,True,False,0.25921315509840626
490,0.0,0.6279114727138284,0.853920401147697,0.75,1.0,True,False,False,False,False,False,True,True,False,True,0.7905006075366556
491,0.3333333333333333,1.0211987029897618,1.3202042492909005,0.75,1.0,True,False,True,False,False,False,True,False,True,True,0.9149040896367185
492,0.0,0.7946700075113592,0.9423059710153908,0.75,1.0,True,False,False,False,False,False,True,False,False,True,0.5129391601107637
493,0.0,1.9265290267437591,1.4699085011610242,0.75,1.0,False,False,False,False,True,False,True,True,False,True,1.743023315370881
494,0.0,0.7800085891497782,0.9952595178407551,0.75,0.0,True,False,True,False,False,False,False,False,False,False,0.8263479292407386
495,0.3333333333333333,0.736495544102846,0.9116287187683437,0.175,1.0,False,False,True,False,False,False,False,True,False,True,0.6062238439605945
496,0.0,0.609635165592225,0.9240127779680654,0.75,1.0,True,False,True,False,False,False,True,False,False,True,0.6160892860411369
497,0.0,0.9297388875659213,0.9483300856187717,0.025,1.0,True,False,True,False,False,False,False,False,True,True,1.0295821669902467
498,0.3333333333333333,0.6631384056305784,0.8472978603872034,0.75,1.0,True,False,True,False,True,False,False,True,False,True,0.3597618826987593
499,0.0,1.1320929196258966,1.4111760274966274,0.75,0.0,True,False,False,False,False,False,False,False,False,False,1.3240329147032235
500,0.0,0.15671807533250404,0.9602705259906897,1.0,1.0,False,False,False,False,False,False,False,False,False,True,0.620585299395286
501,0.0,0.7087067343588441,0.879980507817562,0.75,1.0,False,False,False,False,False,False,False,True,False,True,0.41320778447998807
502,0.6666666666666666,0.9616883604483218,1.4073881441796903,0.75,1.0,True,False,True,False,False,False,False,True,False,True,1.30724292983067
503,0.3333333333333333,0.8487657505590325,1.0986122886681098,0.75,1.0,True,False,True,False,False,False,True,False,False,False,1.211091857178528
504,0.0,0.8135355977047514,1.0235099841266069,0.625,1.0,True,False,True,False,False,False,True,True,False,True,0.7648976756927169
505,0.6666666666666666,0.766244726871029,1.53210470903093,0.75,1.0,True,False,True,False,False,False,False,False,False,True,1.075755011851738
506,0.0,2.090540813069239,2.1165356660860764,0.75,1.0,True,False,True,False,False,False,False,False,True,True,2.170786959702345
507,0.0,0.777806464783663,0.853920401147697,0.75,1.0,False,True,False,False,False,False,False,False,True,False,0.4934817161063238
508,0.0,0.5868341024372546,1.3284517187209177,0.75,1.0,True,False,True,False,True,False,False,False,True,True,0.7915814331223333
509,0.3333333333333333,1.7037036894405144,0.3924610236849577,0.75,1.0,False,False,False,False,False,False,False,False,True,True,1.5090234667323976
510,0.0,0.780165698340989,0.879980507817562,0.75,1.0,True,False,False,False,False,False,True,False,False,False,0.7060634793694249
511,0.3333333333333333,1.1077110150725893,1.555284554809923,0.75,1.0,True,False,True,False,False,False,False,True,False,True,1.0901833110827364
512,0.6666666666666666,0.729413828077396,1.1490007810809229,0.75,1.0,True,False,True,False,False,False,False,False,True,True,0.767805761522689
513,0.0,0.5179977856579848,0.6656405347701118,0.375,1.0,True,False,True,False,False,False,False,True,False,False,1.1604792491312033
514,0.0,1.0789981611711361,1.7373332975249793,0.75,1.0,True,False,False,False,False,False,False,False,False,False,1.22247743062424
515,1.0,0.7592108876243185,1.1587808101345625,0.75,1.0,True,False,True,False,False,False,False,False,False,True,0.9649567233440371
516,0.6666666666666666,0.49757628389697134,0.9602705259906897,1.0,1.0,False,False,True,False,False,False,False,True,False,True,0.5079308770491459
517,0.0,0.694260527996492,1.017923377417967,0.75,0.0,True,False,True,False,False,False,True,True,False,False,0.7044442246086718
518,0.0,0.9375540590548039,1.3160548657440891,0.75,1.0,True,False,False,False,False,False,False,True,False,False,0.9307722694816125
519,0.0,0.7485664842428007,0.8472978603872034,0.75,1.0,False,False,False,False,False,False,True,False,False,False,0.4596225083052545
520,0.6666666666666666,0.5305778440253374,0.44349250369740356,0.75,1.0,True,False,True,False,False,False,True,True,False,True,0.5553816794900736
521,0.0,0.5908287815176331,0.5383502971560806,0.75,1.0,True,False,False,False,False,False,False,True,False,True,0.27404937587485056
522,1.0,1.062788256697265,0.879980507817562,0.75,1.0,True,False,True,False,True,False,False,False,False,True,0.9881868323266318
523,0.6666666666666666,1.3009642062140194,2.1165356660860764,0.75,1.0,True,False,True,False,True,False,False,False,False,True,1.624169073771792
524,0.0,0.9371513204267262,1.056389658245763,0.75,1.0,True,False,False,False,False,False,False,True,False,False,0.9504326380838616
525,0.6666666666666666,1.9382915327011512,1.9547304928982863,0.75,1.0,True,False,True,False,True,False,False,False,False,True,1.7553062855164754
526,0.0,0.8075922702435898,0.9423059710153908,0.75,1.0,True,False,True,False,False,False,False,True,False,True,0.5278152479631063
527,0.3333333333333333,1.015255517044643,1.2109253236408177,0.75,0.0,True,False,True,False,False,False,True,True,False,True,0.9444243586499399
528,0.3333333333333333,0.6242461153617891,0.8406311690290141,0.75,1.0,True,False,False,False,False,False,True,True,False,True,0.5633868318834115
529,0.0,1.1858664239644787,1.056389658245763,0.75,1.0,True,False,False,False,False,False,True,True,False,True,0.952274100264418
530,0.0,0.2622983470619762,1.4372969155722635,0.75,1.0,True,False,True,False,False,False,False,False,False,True,0.9221589009883348
531,1.0,0.882087743050269,0.879980507817562,0.75,1.0,True,False,True,False,False,False,False,False,True,True,0.6130268667561065
532,0.6666666666666666,0.7785934945740125,0.9423059710153908,0.75,0.0,True,False,False,False,False,False,False,False,False,False,0.49439093106189885
533,0.3333333333333333,1.5695794638371166,1.360777765738067,0.75,1.0,True,False,False,False,False,False,False,True,False,False,1.3667915473270615
534,0.0,1.9705758899178758,1.0290655539712086,0.75,1.0,False,False,False,False,True,False,True,False,True,True,1.7889867495042304
535,0.0,0.6002761829136812,1.0345904299031785,0.75,1.0,True,False,False,False,False,True,True,False,False,True,0.6620111088590064
536,0.0,1.1153803697567766,1.7721893730339577,0.75,1.0,True,False,True,False,False,False,False,False,True,True,1.2702860850401072
537,0.6666666666666666,0.7831460927040248,0.9240127779680654,0.75,1.0,True,False,False,False,False,False,False,True,False,True,0.49964813782235057
538,0.0,0.6670160874084502,0.6332490389788762,0.75,1.0,True,False,True,False,False,False,True,False,False,False,0.46954721876645233
539,1.0,1.1467901954254078,1.1922767645627448,0.375,1.0,True,False,True,False,False,False,False,False,False,True,0.9092781957545498
540,0.3333333333333333,0.9274366113593928,1.1088951556236937,0.375,1.0,False,False,True,False,False,False,False,True,False,True,1.0264908920435587
541,0.0,0.5196299394427344,0.8735288725360733,0.75,0.0,False,False,False,False,False,False,False,True,False,False,0.18847359417048337
542,0.3333333333333333,0.7886131478704271,0.8472978603872034,0.75,1.0,False,False,False,False,False,True,False,True,False,True,0.5059564541506072
543,0.3333333333333333,0.5400099829871464,1.045549443692898,0.75,1.0,True,False,True,False,False,False,True,False,True,True,0.6879560498242012
544,0.0,0.6844548413082325,0.8927602344639609,0.75,1.0,False,False,True,False,False,False,True,True,False,True,0.5109746106554199
545,0.0,0.6404548111388105,1.1828204293207094,0.75,1.0,True,False,True,False,False,False,False,False,False,True,0.6811934287175723
546,0.0,0.741733300573514,0.7423064165180289,0.075,1.0,True,False,False,False,False,False,True,True,False,False,0.4516870833563789
547,0.0,0.5957525676227234,1.1341490229448972,0.75,1.0,True,False,False,False,False,False,False,False,False,True,0.6175366388447588
548,0.0,0.9792212771064915,0.8990893695156085,0.75,0.0,False,False,False,False,False,False,False,True,False,False,0.7228368899411424
549,0.0,0.6435211916078715,0.9423059710153908,0.75,1.0,True,False,True,False,False,False,False,False,False,True,0.6936313068146296
550,0.6666666666666666,1.1700357941721289,1.1946269419076982,0.75,0.0,True,False,True,False,True,False,False,False,False,False,0.934875801341232
551,0.3333333333333333,0.5893088800186177,0.9602705259906897,0.75,1.0,True,False,True,False,False,False,True,False,False,True,0.70341242291784
552,0.3333333333333333,0.7376436498546778,1.1969716088669524,0.75,1.0,True,False,True,False,False,False,False,False,True,True,0.9290084450539623
553,0.0,0.5820576317588922,1.2992829841302609,0.75,0.0,True,False,True,False,False,False,True,False,True,False,0.6915441680449717
554,0.0,0.7793799054355546,1.0671136216087387,0.375,0.0,True,False,True,False,False,False,False,False,False,False,1.0689226079624297
555,0.3333333333333333,1.0377269930620194,0.23393779644509025,0.75,1.0,True,False,True,False,False,False,False,True,False,True,0.9191919799571774
556,0.0,0.6220404348425306,0.7713993774596934,0.75,1.0,False,False,False,False,False,False,False,False,True,True,0.6148009892326546
557,1.0,1.4870039752551758,1.587493458179541,0.75,1.0,True,False,True,False,True,False,False,True,False,True,1.2786175572814336
558,0.0,0.8245662323658998,1.2155336267270118,0.75,1.0,True,False,True,False,False,False,False,True,False,True,0.925825699904144
559,0.0,0.8676547974559478,1.303502399672969,0.75,1.0,False,False,True,False,False,False,False,True,False,True,0.9175266511160033
560,0.6666666666666666,0.7921895783658089,0.9301477665355813,0.75,1.0,True,False,True,False,False,False,True,True,False,True,0.5524703446427075
561,0.3333333333333333,2.031682336891674,2.3187330794020276,0.75,1.0,False,False,True,False,True,False,False,True,False,True,1.8526104839276647
562,0.0,1.0915033898428235,1.4187090198041725,0.75,1.0,True,False,True,False,False,False,False,False,False,True,1.0809246845496818
563,0.0,1.0772488895880528,1.0671136216087387,0.75,1.0,True,False,False,False,True,False,True,True,False,True,0.8323291582675311
564,0.6666666666666666,1.377385903780414,1.5811341362712485,0.75,0.0,True,False,True,False,False,False,False,False,True,False,1.1607593284888515
565,0.0,0.9081341640164252,1.0009738191041937,0.75,1.0,True,False,True,False,False,False,True,False,False,True,0.6426103529209932
566,0.0,0.7376436498546778,0.6656405347701118,0.75,1.0,True,False,False,False,False,False,False,False,True,True,0.44693354490978515
567,1.0,0.7485664842428007,1.017923377417967,0.75,0.0,True,False,True,False,False,False,False,False,False,False,0.8452097098782766
568,0.0,0.5673954611154354,0.0,0.75,1.0,False,False,False,False,False,False,False,False,True,False,0.24601928278329319
569,0.0,0.7098871729444827,0.9053786984231724,0.75,0.0,True,False,True,False,False,False,False,False,True,False,0.7555625561753754
570,0.3333333333333333,0.7513190766543533,1.3202042492909005,0.75,1.0,True,False,True,False,False,False,False,False,True,True,0.7467045419129901
571,0.0,0.9940448825168253,1.2292324710851739,0.75,0.0,True,False,True,False,False,False,False,False,True,False,0.9271235969035432
572,0.6666666666666666,1.8962712958023176,1.6339414354900141,0.75,1.0,True,False,True,False,False,False,False,False,True,True,1.7113969855812503
573,0.6666666666666666,1.1144811396618992,1.3243364865758112,1.0,1.0,True,False,True,False,False,False,True,True,False,False,1.057706479266939
574,1.0,1.1455918076580633,1.1587808101345625,0.75,1.0,True,False,True,False,False,False,False,True,False,False,0.9079569139191331
575,0.6666666666666666,0.7087067343588441,0.9301477665355813,0.175,1.0,True,False,True,False,False,False,False,False,True,True,0.5001904126786052
576,0.0,0.6964835111280682,1.088222584818974,0.75,0.0,False,True,True,False,False,False,False,True,False,False,0.7648976756927169
577,0.0,0.7204488805110647,0.9423059710153908,0.75,1.0,True,False,False,False,False,False,False,False,True,True,0.8538746680460702
578,0.3333333333333333,0.4442902516360344,0.9240127779680654,0.75,1.0,True,False,True,False,False,False,False,False,False,True,0.5689694219793412
579,0.0,0.7125800972344971,1.2109253236408177,0.75,1.0,True,False,False,False,False,True,False,False,True,True,0.8703587306224811
580,0.6666666666666666,1.1600934415861608,1.3959376373916947,0.75,1.0,True,False,True,False,False,False,False,True,False,True,0.9239348375214043
581,0.0,0.4560897985671895,0.8135108628098204,0.75,1.0,True,False,False,False,False,False,False,False,True,False,2.415976302287998
582,0.0,0.7098871729444827,0.34967374847974875,0.75,1.0,False,False,True,False,False,False,False,True,False,True,0.4145867553953772
583,0.3333333333333333,0.465602355434888,0.5912260492040284,0.75,1.0,True,False,True,False,False,False,False,False,False,False,0.12267968344006291
584,0.3333333333333333,0.643881324861066,1.1391241575850108,0.75,0.0,True,False,True,False,False,False,False,False,False,False,0.6790801406372196
585,0.3333333333333333,0.8823714511165738,1.2604850145892783,0.175,1.0,True,False,True,False,False,False,False,False,False,False,1.0081748683885012
586,0.0,0.5515283309661408,0.9053786984231724,0.75,1.0,True,False,True,False,False,False,False,False,True,True,0.5355200534033518
587,0.0,0.5251188737360594,0.6656405347701118,0.75,1.0,False,False,False,False,False,False,True,True,False,True,0.19511527653978483
588,0.0,0.9465065507019732,0.8406311690290141,0.75,1.0,False,True,False,False,False,False,False,True,False,True,0.6860070967692253
589,0.6666666666666666,0.6328384899802246,0.9178399188609845,0.75,0.0,True,False,True,False,True,False,False,True,False,False,0.3239851930906685
590,0.0,0.6815116258871976,0.5473593670984466,0.375,1.0,True,False,True,False,False,False,False,True,False,True,0.9091581513379718
591,0.6666666666666666,1.1003246178536221,1.3959376373916947,0.5,1.0,True,False,True,False,True,False,False,True,False,False,0.8579264604905908
592,1.0,1.4245011136812977,1.68409944120312,0.75,1.0,False,True,False,False,True,False,False,True,False,True,1.2115355818103066
593,0.0,0.8203496761600223,1.1190733605394498,0.375,1.0,True,False,True,False,False,False,False,False,False,True,0.9946001231403219
594,0.0,1.867773242420284,1.587493458179541,0.75,1.0,True,False,True,False,True,False,False,False,True,True,1.6815697098922366
595,0.0,0.8164183185601032,0.9423059710153908,0.75,1.0,True,False,False,False,False,False,True,False,False,True,0.5379591852367809
596,0.6666666666666666,1.143081437424626,1.3243364865758112,0.75,1.0,True,False,True,False,True,False,True,False,False,False,1.0189895843318084
597,0.0,0.6792550722478348,0.799669811397949,0.75,0.0,True,False,False,False,False,False,False,True,False,False,0.3787129622427881
598,0.0,1.4732736039171304,1.2950456896547455,0.75,1.0,True,False,True,False,True,False,False,False,False,True,1.26390741509849
599,0.6666666666666666,1.0749117573527454,1.3447453582070181,0.75,1.0,True,False,True,False,False,False,False,False,True,True,0.8297330185650182
600,1.0,0.08725413529636893,1.8384556497537408,0.375,1.0,False,False,False,False,False,True,False,False,True,False,2.573440475168236
601,0.0,0.6629617895933831,1.1828204293207094,0.75,1.0,True,False,True,False,False,True,True,False,False,True,0.8174400596287912
602,1.0,1.06586245362029,1.045549443692898,0.75,1.0,True,False,True,False,False,False,False,False,True,True,0.8196744771456813
603,0.0,0.7923447855677349,1.2604850145892783,0.75,1.0,True,False,False,False,False,False,False,False,False,True,1.0809246845496818
604,0.3333333333333333,1.6217017350206793,2.1459766148918304,0.75,1.0,False,False,True,False,False,False,False,True,False,True,1.42220226743969
605,0.0,0.5716619273952123,0.9602705259906897,0.375,1.0,True,False,True,False,False,False,True,False,True,False,0.8828848609799329
606,0.3333333333333333,0.7485664842428007,1.2648709865325327,0.75,1.0,True,False,True,False,False,False,False,True,False,True,0.8452097098782766
607,0.6666666666666666,0.839481864249025,1.1922767645627448,0.75,1.0,True,False,True,False,False,False,True,False,False,True,0.7788073508097453
608,0.0,0.7209490472437325,0.9301477665355813,0.75,1.0,True,False,True,False,False,False,False,False,False,True,0.7488207208849178
609,0.0,0.664021018220973,0.6735770843658481,0.75,1.0,False,False,False,False,False,False,False,False,False,True,0.36080111376137314
610,1.0,0.8569463527507637,0.3924610236849577,0.375,1.0,True,False,True,False,False,False,False,False,False,True,0.5843704378335974
611,0.3333333333333333,1.3124697843078599,1.5650566195437157,0.75,1.0,True,False,True,False,False,False,False,False,True,True,1.114233756486556
612,0.6666666666666666,1.2663077425446971,1.3243364865758112,0.75,1.0,True,False,True,False,False,False,False,False,True,True,1.0402743424263736
613,0.0,0.92404125294331,1.0724327830863385,0.75,0.0,False,False,False,False,True,False,False,True,False,False,0.6606267594743007
